PRAGMA foreign_keys=OFF;
BEGIN TRANSACTION;
CREATE TABLE IF NOT EXISTS "schema_migrations" ("version" varchar NOT NULL PRIMARY KEY);
INSERT INTO schema_migrations VALUES('20180128071406');
INSERT INTO schema_migrations VALUES('20180128072203');
INSERT INTO schema_migrations VALUES('20180129053148');
INSERT INTO schema_migrations VALUES('20180129053351');
CREATE TABLE IF NOT EXISTS "ar_internal_metadata" ("key" varchar NOT NULL PRIMARY KEY, "value" varchar, "created_at" datetime NOT NULL, "updated_at" datetime NOT NULL);
INSERT INTO ar_internal_metadata VALUES('environment','development','2018-02-02 03:53:07.929371','2018-02-02 03:53:07.929371');
CREATE TABLE IF NOT EXISTS "articles" ("id" INTEGER PRIMARY KEY AUTOINCREMENT NOT NULL, "name" varchar, "author" varchar, "content" text, "published_at" datetime, "user_id" integer, "created_at" datetime NOT NULL, "updated_at" datetime NOT NULL);
INSERT INTO articles VALUES(2,'Superman','Clark Kent','Superman is a fictional comic book superhero appearing in publications by DC Comics, widely considered to be an American cultural icon. Created by American writer Jerry Siegel and Canadian-born American artist Joe Shuster in 1932 while both were living in Cleveland, Ohio, and sold to Detective Comics, Inc. (later DC Comics) in 1938, the character first appeared in Action Comics #1 (June 1938) and subsequently appeared in various radio serials, television programs, films, newspaper strips, and video games. (from Wikipedia)','2018-01-26 06:42:00.041425',14,'2018-02-02 06:42:00.058812','2018-02-02 06:42:00.058812');
INSERT INTO articles VALUES(3,'Krypton','Clark Kent','Krypton is a fictional planet in the DC Comics universe, and the native world of the super-heroes Superman and, in some tellings, Supergirl and Krypto the Superdog. Krypton has been portrayed consistently as having been destroyed just after Superman''s flight from the planet, with exact details of its destruction varying by time period, writers and franchise. Kryptonians were the dominant people of Krypton. (from Wikipedia)','2018-01-05 06:42:00.061356',14,'2018-02-02 06:42:00.063367','2018-02-02 06:42:00.063367');
INSERT INTO articles VALUES(4,'Batman & Robin','Bruce Wayne','Batman is a fictional character created by the artist Bob Kane and writer Bill Finger. A comic book superhero, Batman first appeared in Detective Comics #27 (May 1939), and since then has appeared primarily in publications by DC Comics. Originally referred to as The Bat-Man and still referred to at times as The Batman, he is additionally known as The Caped Crusader, The Dark Knight, and the World''s Greatest Detective, among other titles. (from Wikipedia)','2018-01-19 06:42:00.066108',14,'2018-02-02 06:42:00.067649','2018-02-02 06:42:00.067649');
INSERT INTO articles VALUES(5,'Wonder Woman','Diana of Themyscira','Wonder Woman is a DC Comics superheroine created by William Moulton Marston. She first appeared in All Star Comics #8 (December 1941). The Wonder Woman title has been published by DC Comics almost continuously except for a brief hiatus in 1986. (from Wikipedia)','2017-12-22 06:42:00.069863',14,'2018-02-02 06:42:00.071360','2018-02-02 06:42:00.071360');
INSERT INTO articles VALUES(6,'Flash','Bart Allen','The Flash is a name shared by several fictional comic book superheroes from the DC Comics universe. Created by writer Gardner Fox and artist Harry Lampert, the original Flash first appeared in Flash Comics #1 (January 1940). (from Wikipedia)','2017-12-29 06:42:00.073408',14,'2018-02-02 06:42:00.074666','2018-02-02 06:42:00.074666');
INSERT INTO articles VALUES(7,'Splinter','Hamato Yoshi','Master Splinter, or simply Splinter, is a fictional character from the Teenage Mutant Ninja Turtles comics and all related media. (from Wikipedia)','2018-01-12 06:42:00.076588',14,'2018-02-02 06:42:00.077792','2018-02-02 06:42:00.077792');
INSERT INTO articles VALUES(8,'zxc','zxc','zxc',NULL,5,'2018-02-02 06:51:26.262864','2018-02-02 06:51:26.262864');
INSERT INTO articles VALUES(9,'ewfadas','sadasf','sadasdsa',NULL,5,'2018-02-02 06:51:34.985607','2018-02-02 06:51:34.985607');
INSERT INTO articles VALUES(10,'vsdfas','sfd','sfasad',NULL,5,'2018-02-02 06:52:05.348001','2018-02-02 06:52:05.348001');
INSERT INTO articles VALUES(11,'oo','oo',replace(replace('oooooooo\r\n','\r',char(13)),'\n',char(10)),NULL,23,'2018-02-02 07:08:52.441889','2018-02-02 07:08:52.441889');
CREATE TABLE IF NOT EXISTS "users" ("id" INTEGER PRIMARY KEY AUTOINCREMENT NOT NULL, "name" varchar DEFAULT NULL, "email" varchar DEFAULT NULL, "password_digest" varchar DEFAULT NULL, "created_at" datetime NOT NULL, "updated_at" datetime NOT NULL);
INSERT INTO users VALUES(1,'Toh Jung Jin','jagung_gerald@yahoo.com','$2a$10$j.DsJs9xvt3jg.cernQS9ezZ4LdJlsfG2FY/vC5DDcZ8A/ohXlfPC','2018-02-02 03:55:23.468423','2018-02-02 03:55:23.468423');
INSERT INTO users VALUES(2,'a','a@a.com','$2a$10$Jiz4JXyB0Z1Q35PSEv8Ije9XWwwXYaQJO/LUWJnzXiMCknnHZOJdy','2018-02-02 04:27:53.605170','2018-02-02 04:27:53.605170');
INSERT INTO users VALUES(3,'ok','ok@ok.com','$2a$10$Ncu9rwrmrkWYMqxN982KoueXvRgW1DoPqLEx4H.TmsabzRGHacbnu','2018-02-02 06:09:18.605909','2018-02-02 06:09:18.605909');
INSERT INTO users VALUES(4,'Jung Jin Toh','jungjintoh@gmail.com','$2a$10$AfchjKtJQDWCVmyGK4ko7OcA7h7OASDfv1ZNSclFDdJcabLmjBkmi','2018-02-02 06:18:01.350048','2018-02-02 06:18:01.350048');
INSERT INTO users VALUES(5,'b','b@b.com','$2a$10$BHKXbr4T0M1eS5vBnbJx/eZOqVexXIYCq6uPybDr4.q.93zaoyXF2','2018-02-02 06:20:00.529546','2018-02-02 06:20:00.529546');
INSERT INTO users VALUES(6,'JJ','admin@admin.com','$2a$10$Z3tYXIR10qWE2J6Xmv4hCOOxE44htD9pG38chjPhvEM4mb/f3iLPu','2018-02-02 06:27:38.104211','2018-02-02 06:27:38.104211');
INSERT INTO users VALUES(7,'JJ','qwerty@qwerty.com','$2a$10$KejiN9FvsDarpX2mWB9SD.C4THsJqh0Pntyuz40asZZVhZ2/vPwUC','2018-02-02 06:32:01.114216','2018-02-02 06:32:01.114216');
INSERT INTO users VALUES(8,'JJ','asdfgh@123.com','$2a$10$mU2KeAzSmrejXdvLUCMBoOcc/jbHUNcJGlOjlZqr6UOpWYuFL3dnm','2018-02-02 06:36:37.725037','2018-02-02 06:36:37.725037');
INSERT INTO users VALUES(9,'JJ','aass@123.com','$2a$10$FqNL/qp0/RKerhCaAQIisOtp19xIvxW2HSl12SZW3jNBwOvKf.S0K','2018-02-02 06:37:15.196822','2018-02-02 06:37:15.196822');
INSERT INTO users VALUES(10,'JJ','aasss@123.com','$2a$10$AhtSGEBxPcIzJ.LvIhKY0eSK/irh6GRtel634NM0354u6c/gtYHlq','2018-02-02 06:38:26.295419','2018-02-02 06:38:26.295419');
INSERT INTO users VALUES(11,'JJ','aaasss@123.com','$2a$10$ojyNqqZe3hwgODTViasKi.T5GIkNzSKko3WttHqdYu1Bx4G.wM1NC','2018-02-02 06:39:14.730517','2018-02-02 06:39:14.730517');
INSERT INTO users VALUES(12,'JJ','zxcvb@123.com','$2a$10$Z/VBpofDXuxq9rjvjRE8TeMSDeRzlmq6hylfHhG3QaP14sKccAoVy','2018-02-02 06:40:04.275982','2018-02-02 06:40:04.275982');
INSERT INTO users VALUES(13,'JJ','ppppp@123.com','$2a$10$l4DTCmUNvUlg0wJgAG8yOOTwbQR0qhwa5cdh3Fmubap4hRDuu9hae','2018-02-02 06:40:37.711671','2018-02-02 06:40:37.711671');
INSERT INTO users VALUES(14,'JJ','lllll@123.com','$2a$10$MxdMRJ2ItThjci7p1eh7P.msvi..j00QTLucBKQWGP/wAG2zRy4D2','2018-02-02 06:42:00.033172','2018-02-02 06:42:00.033172');
INSERT INTO users VALUES(15,'hello','hello@hello.com','$2a$10$KOt06Ws2TrXD0cNFOG.PNOfTFMdyr6mBT/uVqH6a3FxE7klEZDJyO','2018-02-02 06:57:43.005729','2018-02-02 06:57:43.005729');
INSERT INTO users VALUES(16,'apple','aqz@123.com','$2a$10$1Qc1pE3ksEGQUCy3i0tCsOPA9805Yja6cd/0yF3gxPw2S6aKHPVTm','2018-02-02 07:00:32.359601','2018-02-02 07:00:32.359601');
INSERT INTO users VALUES(17,'m','m@m.com','$2a$10$XktPf9.Yee0y1j1owgUvDuAVx26VXZ/lea/75lpy6KO8A9HEndnqy','2018-02-02 07:02:12.272757','2018-02-02 07:02:12.272757');
INSERT INTO users VALUES(18,'p','p@p.com','$2a$10$xOlK.RMoIqbXPemxPxdRB.6PSzFOQjrunvxkz28NiF2UVEoiJ/pHy','2018-02-02 07:03:34.831471','2018-02-02 07:03:34.831471');
INSERT INTO users VALUES(19,'ok','ok@432.com','$2a$10$Pa/C/IoDtEYbVhPDYEq9XecpJ6KheXsJaChIw96HKI2QMIGNy1IBO','2018-02-02 07:03:57.595693','2018-02-02 07:03:57.595693');
INSERT INTO users VALUES(20,'8','8@8.com','$2a$10$WzUwVr1vnOuTgGlezfSMtubN73RpbFk4HSbg1zs02lVRKlT8Rb5Ua','2018-02-02 07:05:11.916058','2018-02-02 07:05:11.916058');
INSERT INTO users VALUES(21,'ij','ij@ij.com','$2a$10$TF0.O832aU68AfeHES5Nm.gmBV/Fn3jeyx.1EVUdn7dPi/dBRp2zy','2018-02-02 07:05:40.887579','2018-02-02 07:05:40.887579');
INSERT INTO users VALUES(22,'77','77@77.com','$2a$10$k5aXT35Ozea1kEOsULkK.ed0vegnA.wxBArMs7M3dfGvSIw5GkcAm','2018-02-02 07:06:46.404325','2018-02-02 07:06:46.404325');
INSERT INTO users VALUES(23,'ooo','o@o.com','$2a$10$0r4NRbvhClgYbXzWWpleG.qmNnIaHMIxvRi.KWJ6iIedxz5v8zpgW','2018-02-02 07:08:43.018609','2018-02-02 07:08:43.018609');
CREATE TABLE IF NOT EXISTS "authentications" ("id" INTEGER PRIMARY KEY AUTOINCREMENT NOT NULL, "uid" varchar, "token" varchar, "provider" varchar, "user_id" integer, "created_at" datetime NOT NULL, "updated_at" datetime NOT NULL, CONSTRAINT "fk_rails_08833fecbe"
FOREIGN KEY ("user_id")
  REFERENCES "users" ("id")
);
INSERT INTO authentications VALUES(1,'10160123634695650','EAAMfyf9MtWsBALS5iCZCzW7bfmhpaLQHU8ZCIP5DHaFjaAAQuvXAV43ogcJb5USjpE7z3p3RLTRZA2mMKN6QmC2gilLVQVrG66lenOGUgE96k8lcGM4PnUScZAYmnPl6ZCnbk1ZByPd8J3wZAGmSZCueZC1kZB7IJzzg8ZD','facebook',1,'2018-02-02 03:55:23.481551','2018-02-02 06:19:39.237740');
INSERT INTO authentications VALUES(2,'113039621167314362661','ya29.GltVBe0724ZLkTy_CoAW8lfQKc9uxCvNCWJ0sAMhJWeZWNE9zvBvbX9p2mG3lE_wt90gaayLGRtHX8B5-a0c_io7NxD-2bTQatGJgYNwu7wTnI_lwrH7GV-UHVaO','google_oauth2',4,'2018-02-02 06:18:01.360534','2018-02-02 06:19:33.606731');
DELETE FROM sqlite_sequence;
INSERT INTO sqlite_sequence VALUES('users',23);
INSERT INTO sqlite_sequence VALUES('authentications',2);
INSERT INTO sqlite_sequence VALUES('articles',11);
CREATE INDEX "index_articles_on_user_id" ON "articles" ("user_id");
CREATE INDEX "index_authentications_on_user_id" ON "authentications" ("user_id");
COMMIT;
